<?xml version="1.0" encoding="UTF-8"?>
<about>
	<name>Test Mod 2</name> <!-- Name used in mod loader -->
	<author>Teok</author> <!-- your credentials, shown in the description box -->
	<version>0.5</version> <!-- version of your mod, shown in description box for ease of updating mods -->
	<description>This here is a secondary example mod file, used to playtest the mod loader.</description> <!-- description of your mod shown in description box -->
	<releaseDate>12/30/0000</releaseDate> <!--release date of mod-->
	<!--Mod Folders and Target Directories, first 2 are examples and can be edited / removed if needed-->
	<modDetails FolderName="Folder Name Here (SkeletalMesh, etc)" TargetDirectory="Mordhau/Content/..."/>
	<modDetails FolderName="Folder Name Here (Materials, etc)" TargetDirectory="Mordhau/Content/..."/>
</about>